,,1-2021 Product Mix Report
Poscode,Product Name,Category,Quantity,UPT,Net Sales,
1,TOY 1,,36886,68.11,0.00,
2,TOY 2,,223,0.41,0.00,
3,TOY 3,,83,0.15,0.00,
4,TOY 4,,50,0.09,0.00,
5,TOY 5,,39,0.07,0.00,
6,TOY 6,,29,0.05,0.00,
7,TOY 7,,23,0.04,0.00,
8,TOY 8,,21,0.04,0.00,
9,TOY 9,,13,0.02,0.00,
10,TOY 10,,16,0.03,0.00,
201,BOOK 1 - The Twins Follow A Polar Bear,,266,0.49,0.00,
202,BOOK 2 - The Twins Meet A Quagga,,104,0.19,0.00,
203,BOOK 3 - The Twins Help A Pink Dolphin,,253,0.47,0.00,
204,BOOK 4 - The Twins Discover A Dodo,,103,0.19,0.00,
1109,**UP MED COKE 16oz (HM),UPGRADE,102,0.19,975.00,
1110,**UP MED SPRITE 16oz (HM),UPGRADE,18,0.03,182.14,
1111,**UP MED C ZERO 16oz (HM),UPGRADE,25,0.05,257.14,
1114,**ITEA UP 12oz (HM),REGULARS,1787,3.3,0.00,
1193,ITEA UP 16oz (HM),UPSIZE,80,0.15,1196.43,
1194,OJ UP 16oz (HM),UPSIZE,340,0.63,5160.70,
1198,UP REG CFLOAT (HM),UPSIZE,1468,2.71,24357.20,
1218,**HASHBROWN ALC,BREAKFAST BA,21810,40.27,389098.44,
1220,**2PC HCAKE+SSG ALC,BREAKFAST ALC,4245,7.84,236816.31,
1223,**PLAIN MCMUFF,BREAKFAST ALC,18,0.03,455.36,
1229,**LONGGA W/ RICE ALC,BREAKFAST ALC,18,0.03,1172.32,
1230,**XTRA GARLIC RICE,EXTRA,510,0.94,8700.00,
1231,**CHBRGR ALC,BURGER ALC,54540,100.71,1696445.30,
1232,**DBL CHBRGR ALC,BURGER ALC,10380,19.17,797976.21,
1233,**QTR PNDR W/CHIZ ALC,BURGER ALC,9257,17.09,957388.75,
1234,**BIGMAC ALC,BURGER ALC,8183,15.11,848916.77,
1236,**MCCHIX ALC,BURGER ALC,9773,18.05,781191.74,
1242,**MEDIUM FRIES ALC,FRIES,45488,84,1737224.56,
1243,**XTRA PLAIN RICE,EXTRA,14380,26.55,204759.56,
1248,**XTRA BUTTER,EXTRA,384,0.71,2250.01,
1249,**REG COKE (12oz),BEVERAGES,817,1.51,20609.51,
1250,**MED COKE (16oz),BEVERAGES,865,1.6,26358.92,
1251,**LRG COKE (22oz),BEVERAGES,1105,2.04,48628.61,
1255,**REG SPRITE (12oz),BEVERAGES,159,0.29,5329.47,
1256,**MED SPRITE (16oz),BEVERAGES,249,0.46,8026.78,
1257,**LRG SPRITE (22oz),BEVERAGES,259,0.48,12342.87,
1258,**MED ITEA (16oz),BEVERAGES,285,0.53,12363.40,
1261,**CHBRGR EVM,BURGER EVM,9370,17.3,430781.25,
1265,**BIGMAC EVM,BURGER EVM,1332,2.46,155187.50,
1269,**2PC HCAKE EVM,BREAKFAST EVM,4199,7.75,180226.65,
1270,**2PC HCAKE+SSG EVM,BREAKFAST EVM,1497,2.76,112651.80,
1274,**LONGGA W/ RICE EVM,BREAKFAST EVM,191,0.35,15700.00,
1277,**MCCHIX EVM,BURGER EVM,1357,2.51,137443.14,
1278,**DBL CHBRGR EVM,BURGER EVM,1704,3.15,158172.00,
1279,**QTR PNDR EVM,BURGER EVM,1601,2.96,190957.00,
1282,**2PC HCAKE ALC,BREAKFAST ALC,20876,38.55,571127.33,
1283,**MED OJ (16oz),BEVERAGES,512,0.95,22166.97,
1285,**HOT CHOCO,BEVERAGES,382,0.71,7701.28,
1314,**PJ UP 12oz (HM),REGULARS,2117,3.91,0.00,
1315,PJ UP 16oz (HM),UPSIZE,58,0.11,946.43,
1317,PJ UP 16oz B-EVM,UPSIZE,270,0.5,4214.28,
1318,**MED PJ (16oz),BEVERAGES,371,0.69,15631.25,
1324,REG FRY,,22749,42.01,0.00,
1325,MED FRY,,114325,211.1,0.00,
1327,**OJ 12oz (HM),REGULARS,23915,44.16,0.00,
1431,REG SPRITE (HM),,1171,2.16,0.00,
1434,UP LRG SPRITE (HM),UPSIZE,26,0.05,379.47,
1440,REG SPRITE B-EVM,,560,1.03,0.00,
1443,UP LRG SPRITE B-EVM,UPSIZE,85,0.16,1168.75,
1462,REG COKE (HM),,5704,10.53,0.00,
1463,UP LRG COKE (HM),UPSIZE,169,0.31,2337.50,
1465,**UP LRG COKE EVM,UPSIZE,840,1.55,10093.77,
1488,**CHBRGR DLUXE EVM,BURGER EVM,1366,2.52,99254.98,
1492,REG ZERO B-EVM,,696,1.29,0.00,
1493,UP LRG ZERO B-EVM,UPSIZE,232,0.43,3293.76,
1496,REG ZERO EVM,,1,0,0.00,
1498,REG ZERO (HM),,1319,2.44,0.00,
1499,UP LRG ZERO (HM),UPSIZE,88,0.16,1199.11,
1507,**REG ZERO (12oz),BEVERAGES,126,0.23,3734.82,
1508,**MED ZERO (16oz),BEVERAGES,264,0.49,8596.43,
1509,**LRG ZERO (22oz),BEVERAGES,399,0.74,18685.73,
1520,**APPLE PIE,EVRDY MCSAVERS,46616,86.08,891616.36,
1538,**1PC CHIX MCDO EVM,CHICKEN EVM,4431,8.18,154962.50,
1539,**1PC CHIX+SPAG EVM,CHICKEN EVM,2909,5.37,183885.36,
1540,**2PC CHIX MCDO EVM,CHICKEN EVM,2355,4.35,239237.50,
1545,**6PC MCNUG ALC,CHICKEN ALC,21093,38.95,2082925.39,
1546,**10PC MCNUG W/ 2SAUC ALC,CHICKEN ALC,16102,29.73,2632199.59,
1547,**1PC CHIX MCDO W/ RICE ALC,CHICKEN ALC,40536,74.85,1695174.47,
1548,**2PC CHIX MCDO W/ RICE ALC,CHICKEN ALC,16793,31.01,1888757.55,
1553,**1PC CHIX MCDO (H-M),HAPPY MEAL,4272,7.89,343126.92,
1555,**BOTTLED WATER 330ml,BEVERAGES,105,0.19,1578.57,
1556,**CHBRGR DLUXE ALC,BURGER ALC,10103,18.66,618034.72,
1558,**MCSPAG ALC,CHICKEN ALC,38235,70.6,1469770.87,
1560,**McCRISPY CHIX FILLET W/RICE ALC,EVRDY MCSAVERS,53856,99.45,1634728.64,
1567,**2PC HCAKE+SSG & HASH VM,BREAKFAST EVM,5532,10.22,540846.55,
1569,**4PC MCNUG (H-M),HAPPY MEAL,2703,4.99,229075.96,
1570,**6PC MCNUG W/FRIES EVM,CHICKEN EVM,2411,4.45,284159.54,
1571,**6PC MCNUG W/RICE EVM,CHICKEN EVM,757,1.4,88214.30,
1572,**BIGMAC MVM,BURGER MVM,4534,8.37,690428.62,
1573,**QTR PNDR MVM,BURGER EVM,5654,10.44,839807.59,
1574,**DBL CHBRGR MVM,BURGER EVM,8096,14.95,957434.58,
1575,**CHBRGR MVM,BURGER EVM,26076,48.15,1950026.04,
1577,**MCCHIX MVM,BURGER EVM,4788,8.84,606754.31,
1579,**CHBRGR DLUXE MVM,BURGER EVM,6171,11.39,623587.63,
1581,**6PC MCNUG W/FRIES MVM,CHICKEN EVM,6988,12.9,969961.41,
1582,**6PC MCNUG W/RICE MVM,CHICKEN EVM,1782,3.29,236189.33,
1583,**2PC CHIX MCDO MVM,CHICKEN EVM,4867,8.99,629682.48,
1584,**1PC CHIX MCDO MVM,CHICKEN EVM,10775,19.9,713538.68,
1585,**1PC CHIX+SPAG MVM,CHICKEN EVM,5536,10.22,532157.02,
1591,**BRGR MCDO W/REG FRY (H-M),HAPPY MEAL,3980,7.35,309438.52,
1592,**MCSPAG W/REG FRY (H-M),HAPPY MEAL,3496,6.46,325721.47,
1593,**4PC MCNUG W/REG FRY (H-M),HAPPY MEAL,7433,13.73,737314.46,
1594,**1PC CHIX MCDO W/REG FRY (H-M),HAPPY MEAL,9231,17.05,928171.73,
1597,**XTRA CHEESE,EXTRA,128,0.24,1031.25,
1603,**UP ITEA 16oz MVM,UPSIZE,6755,12.47,49776.95,
1604,**UP PJ 16oz MVM,UPSIZE,6665,12.31,48976.59,
1605,**UP OJ 16oz MVM,UPSIZE,9569,17.67,73165.23,
1606,**UP MED COKE EVM,UPSIZE,408,0.75,3357.43,
1607,**UP MED SPRITE EVM,UPSIZE,117,0.22,1092.86,
1609,**UP MED ZERO EVM,UPSIZE,126,0.23,1094.14,
1610,**UP LRG SPRITE EVM,UPSIZE,141,0.26,1684.82,
1612,**UP LRG ZERO EVM,UPSIZE,302,0.56,3733.94,
1628,**SSG MCMUFF ALC,BREAKFAST ALC,4190,7.74,161903.46,
1629,**EGG MCMUFF ALC,BREAKFAST ALC,1632,3.01,81142.89,
1630,**SSG MCMUFF W/ EGG ALC,BREAKFAST ALC,5886,10.87,289825.37,
1636,**SSG MCMUFF W/ EGG EVM,BREAKFAST EVM,1752,3.24,115162.45,
1637,**EGG MCMUFF EVM,BREAKFAST EVM,470,0.87,35130.36,
1638,**SSG MCMUFF EVM,BREAKFAST EVM,1056,1.95,49562.50,
1641,**BIG BREAKFAST ALC,BREAKFAST ALC,2152,3.97,188571.36,
1643,**SSG MCMUFF W/ HASH VM,BREAKFAST EVM,2981,5.5,247446.46,
1644,**SSG MCMUFF W/ EGG & HASH VM,BREAKFAST EVM,5452,10.07,496285.60,
1645,**EGG MCMUFF W/ HASH VM,BREAKFAST EVM,1277,2.36,122946.41,
1649,**CHZY EGGDESAL ALC,BREAKFAST ALC,17245,31.84,281496.20,
1650,**CHZY EGGDESAL EVM,BREAKFAST EVM,2440,4.51,71908.87,
1656,**BIG BREAKFAST EVM,BREAKFAST EVM,4244,7.84,459365.27,
1668,**OJ (12oz),BEVERAGES,382,0.71,14800.00,
1669,**PJ (12oz),BEVERAGES,213,0.39,8200.00,
1670,**ITEA (12oz),BEVERAGES,135,0.25,5800.00,
1671,**LARGE FRIES ALC,FRIES,31306,57.81,1794966.25,
1672,**MONSTER CFLOAT (22oz),DESSERTS,12640,23.34,402216.53,
1684,**REG FRIES ALC,EVRDY MCSAVERS,16514,30.49,410371.50,
1685,**REG CFLOAT (16oz),EVRDY MCSAVERS,21776,40.21,288297.76,
1686,**HF SUNDAE,EVRDY MCSAVERS,80958,149.49,1142287.03,
1687,**CRML SUNDAE,EVRDY MCSAVERS,28329,52.31,487342.70,
1688,**PLAIN SUNDAE,DESSERTS,1149,2.12,21335.75,
1703,**MCSPAG LVM,CHICKEN EVM,2274,4.2,152098.48,
1704,**MCSPAG MVM,CHICKEN EVM,2340,4.32,134794.34,
1705,**MCSPAG EVM,MCSAVERS,720,1.33,30425.15,
1706,**McCRISPY CHIX SNDWCH LVM,CHICKEN EVM,171,0.32,9517.86,
1707,**McCRISPY CHIX SNDWCH MVM,MCSAVERS,161,0.3,8662.50,
1708,**McCRISPY CHIX SNDWCH EVM,MCSAVERS,1367,2.52,33950.88,
1709,**McCRISPY CHIX SNDWCH ALC,EVRDY MCSAVERS,143558,265.08,2753919.99,
1723,**LRG ITEA (22oz),BEVERAGES,489,0.9,23272.32,
1724,**LRG PJ (22oz),BEVERAGES,462,0.85,22343.74,
1725,**LRG OJ (22oz),BEVERAGES,852,1.57,39239.10,
1726,**McCRISPY CHIX FILLET W/RICE EVM,MCSAVERS,2085,3.85,66666.28,
1727,**McCRISPY CHIX FILLET W/RICE MVM,MCSAVERS,7275,13.43,372527.53,
1728,**McCRISPY CHIX FILLET W/RICE LVM,CHICKEN EVM,5793,10.7,349460.94,
1729,**1PC CHIX+SPAG ALC,CHICKEN ALC,15473,28.57,1169358.45,
1734,**UP MED FRIES EVM,UPSIZE,1497,2.76,22864.34,
1735,**UP LRG FRIES EVM,UPSIZE,4239,7.83,98206.76,
1736,**UP LRG FRIES MVM,UPSIZE,17120,31.61,201407.25,
1737,**COMBO MED FRIES+CFLOAT,PROMO,16881,31.17,845308.29,
1738,**COMBO 1 BFF FRIES+3 CFLOATS,PROMO,11875,21.93,2119823.80,
1752,**McCAFE PRM COFFE (8oz),BEVERAGES,2235,4.13,48406.25,
1753,**McCAFE PRM COFFE (12oz),BEVERAGES,5356,9.89,169671.26,
1754,**COFFE FLOAT (16oz),DESSERTS,9233,17.05,372456.67,
1760,**REG COKE EVM,REGULARS,46139,85.2,0.00,
1761,**REG SPRITE EVM,REGULARS,7299,13.48,0.00,
1763,**REG ZERO EVM,REGULARS,7128,13.16,0.00,
1764,**UP ITEA 12oz EVM,UPSIZE,3072,5.67,19035.78,
1765,**UP PJ 12oz EVM,UPSIZE,2218,4.1,14054.69,
1766,**UP OJ 12oz EVM,UPSIZE,4317,7.97,27312.59,
1767,**UP ITEA 16oz EVM,UPSIZE,154,0.28,2428.57,
1768,**UP PJ 16oz EVM,UPSIZE,203,0.37,2982.14,
1769,**UP OJ 16oz EVM,UPSIZE,539,1,8089.27,
1770,**UP ITEA 22oz EVM,UPSIZE,497,0.92,9866.08,
1771,**UP PJ 22oz EVM,UPSIZE,570,1.05,10910.72,
1772,**UP OJ 22oz EVM,UPSIZE,1493,2.76,29629.80,
1773,**UP CFLOAT 16oz EVM,UPSIZE,7094,13.1,87334.69,
1774,**UP CFLOAT 22oz EVM,UPSIZE,2668,4.93,39516.31,
1780,**UP COFFE CFLOAT 16oz EVM,UPSIZE,867,1.6,16213.37,
1783,**MED COKE MVM,REGULARS,126009,232.68,0.00,
1784,**MED SPRITE MVM,REGULARS,14373,26.54,0.00,
1786,**MED ZERO MVM,REGULARS,14736,27.21,0.00,
1787,**UP LRG COKE MVM,UPSIZE,4494,8.3,17598.27,
1788,**UP LRG SPRITE MVM,UPSIZE,603,1.11,2468.76,
1790,**UP LRG ZERO MVM,UPSIZE,980,1.81,3946.44,
1791,**UP ITEA 22oz MVM,UPSIZE,511,0.94,7601.77,
1792,**UP PJ 22oz MVM,UPSIZE,487,0.9,7055.34,
1793,**UP OJ 22oz MVM,UPSIZE,661,1.22,9964.27,
1794,**UP CFLOAT 16oz MVM,UPSIZE,23329,43.08,281791.92,
1795,**UP CFLOAT 22oz MVM,UPSIZE,3153,5.82,51506.25,
1800,**UP COFFE CFLOAT 16oz MVM,UPSIZE,4733,8.74,61063.94,
1803,**LRG COKE LVM,REGULARS,85792,158.42,0.00,
1804,**LRG SPRITE LVM,REGULARS,12110,22.36,0.00,
1806,**LRG ZERO LVM,REGULARS,15241,28.14,0.00,
1807,**UP PJ 22oz LVM,UPSIZE,8136,15.02,51144.88,
1808,**UP OJ 22oz LVM,UPSIZE,11676,21.56,75058.45,
1809,**UP ITEA 22oz LVM,UPSIZE,7871,14.53,49867.16,
1810,**UP CFLOAT 22oz LVM,UPSIZE,29831,55.08,360015.07,
1814,**UP COFFE CFLOAT 16oz LVM,UPSIZE,5146,9.5,58753.00,
1830,**CHEESY EGGDESAL (H-M),HAPPY MEAL,383,0.71,20478.58,
1831,**CHEESY EGGDESAL W/REG FRY (H-M) ,HAPPY MEAL,842,1.55,71537.47,
1900,XTRA G RICE,EXTRA,38,0.07,675.00,
1954,*BRGR MCDO (PWD H-M) ,HAPPY MEAL,6,0.01,410.71,
1956,*MCSPAG (PWD H-M) ,HAPPY MEAL,9,0.02,827.68,
1958,*4PC MCNUG (PWD H-M) ,HAPPY MEAL,20,0.04,1745.54,
1963,*1PC CHIX MCDO (PWD H-M) ,HAPPY MEAL,21,0.04,1927.68,
1965,*CHEESY EGGDESAL (PWD H-M) ,HAPPY MEAL,1,0,83.93,
1973,*BRGR MCDO W/REG FRY (PWD H-M) ,HAPPY MEAL,32,0.06,1200.00,
1975,*MCSPAG W/REG FRY (PWD H-M) ,HAPPY MEAL,6,0.01,658.93,
1977,*4PC MCNUG W/REG FRY (PWD H-M) ,HAPPY MEAL,34,0.06,3616.07,
1980,*1PC CHIX MCDO W/REG FRY (PWD H-M) ,HAPPY MEAL,48,0.09,5682.14,
1983,*CHEESY BURGER MCDO (PWD H-M),HAPPY MEAL,5,0.01,364.29,
1987,*CHEESY EGGDESAL W/REG FRY (PWD H-M) ,HAPPY MEAL,7,0.01,731.25,
1989,**CHEESY BRGR MCDO + REG FRY (PWD H-M),HAPPY MEAL,10,0.02,1098.21,
1991,**2PC HCAKE (PWD H-M),HAPPY MEAL,22,0.04,587.50,
1993,**2PC HCAKE W/ REG FRY (PWD H-M),HAPPY MEAL,19,0.04,1955.00,
2010,CHBRGR ALC,EVRDY MCSAVERS,1,0,41.07,
2015,**CHEESY BRGR MCDO ALC,BURGER ALC,42674,78.8,939166.07,
2019,**NEW BURGER MCDO ALC,BURGER ALC,103654,191.4,1361291.25,
2050,QTR PNDR W/CHIZ ALC,BURGER ALC,1,0,122.32,
2076,**1PC CHX MCDO W/MUSHRM SOUP ALC,CHICKEN ALC,2314,4.27,198598.13,
2079,**McCRISPY CHIX FILLET ALA KING ALC,CHICKEN ALC,56532,104.39,1823798.45,
2090,MCSPAG ALC,CHICKEN ALC,2,0,89.29,
2100,**1PC SPICY CHX BIC W/MUSHRM SOUP ALC,CHICKEN ALC,987,1.82,90858.02,
2127,**1PC SPICY CHIX ALC,CHICKEN EVM,11691,21.59,615016.45,
2133,**1PC SPICY CHIX + SPAG ALC,CHICKEN EVM,4219,7.79,383310.66,
2136,**2PC SPICY CHIX ALC,CHICKEN EVM,7904,14.59,972642.55,
2139,**2PC SPICY CHIX (MIX) ALC ,CHICKEN EVM,176,0.32,22540.17,
2142,**BF 1PC SPICY CHIX W/ EGG ALC,BREAKFAST EVM,403,0.74,37506.25,
2145,**BF 2PC SPICY CHIX W/ EGG ALC,BREAKFAST EVM,214,0.4,30557.14,
2148,**BF 2PC SPICY CHIX W/ EGG (MIX) ALC,BREAKFAST EVM,6,0.01,991.07,
2294,UP COFFEE FLOAT (16oz) B-EVM,UPGRADES,1130,2.09,22837.47,
2297,UP COFFEE FLOAT 16oz (HM),UPGRADES,466,0.86,9285.70,
2410,MEDIUM FRIES ALC,FRIES,2,0,105.36,
2411,LARGE FRIES ALC,FRIES,4,0.01,184.82,
2653,**CHOCO SHAKE 12oz,,1230,2.27,63223.24,
2654,**STRAWBERYY SHAKE 12oz,,1129,2.08,61984.85,
2655,**CHOCO SHAKE 16oz,,3538,6.53,242395.87,
2656,**STRAWBERYY SHAKE 16oz,,3336,6.16,239280.44,
2661,**UP CHOCO SHAKE 12oz EVM,,479,0.88,16513.40,
2662,**UP CHOCO SHAKE 16oz EVM,,312,0.58,15959.82,
2663,**UP STRAWBERRY SHAKE 12oz EVM,,393,0.73,13540.19,
2664,**UP STRAWBERRY SHAKE 16oz EVM,,312,0.58,15553.57,
2665,**UP CHOCO SHAKE 12oz MVM,,1149,2.12,38214.30,
2666,**UP CHOCO SHAKE 16oz MVM,,401,0.74,20410.70,
2667,**UP STRAWBERRY SHAKE 12oz MVM,,1038,1.92,34857.16,
2668,**UP STRAWBERRY SHAKE 16oz MVM,,329,0.61,16446.42,
2669,**UP CHOCO SHAKE 12oz LVM,,1061,1.96,30121.53,
2670,**UP CHOCO SHAKE 16oz LVM,,1220,2.25,55650.87,
2671,**UP STRAWBERRY SHAKE 12oz LVM,,904,1.67,25985.68,
2672,**UP STRAWBERRY SHAKE 16oz LVM,,1093,2.02,50239.30,
2896,**BBQ SAUCE,PROMO,112436,207.62,0.00,
2897,**SWT N SOUR SAUCE,PROMO,14843,27.41,0.00,
2900,XTRA RICE,EXTRA,321,0.59,4151.78,
2920,XTRA MAYO,EXTRA,1996,3.69,20022.39,
2921,**SS FRIES BBQ ALC,FRIES,6447,11.9,316881.89,
2928,XTRA HC MAPLE SYRUP,EXTRA,707,1.31,3991.08,
2930,XTRA BBQ SAUC,EXTRA,4158,7.68,28800.04,
2931,XTRA SS SAUC,EXTRA,399,0.74,3075.00,
2933,2PC XTRA GRVY,EXTRA,39460,72.86,185127.74,
2938,XTRA BUTTER,EXTRA,93,0.17,598.22,
2941,**XTRA VANILLA SYRUP,EXTRA,45,0.08,339.29,
2942,**EXTRA CHOCO SYRUP,DESSERT,17,0.03,107.14,
2945,**XTRA ALA KING SAUCE,EXTRA,14238,26.29,79402.04,
2947,**XTRA MSHRUM STEAK SAUCE,EXTRA,338,0.62,1785.72,
2948,**XTRA TARTAR SAUCE,EXTRA,3,0.01,8.93,
2949,**XTRA THSND ISLND SAUCE,EXTRA,43,0.08,276.79,
2963,**SWEET N SOUR SAUCE,PROMO,6074,11.22,0.00,
2971,**MUSHRM SOUP ALC,PROMO,16207,29.93,411558.31,
2979,**SS FRIES CHEESE ALC,FRIES,5659,10.45,278107.07,
2983,**BFF SS FRIES CHEESE ALC,FRIES,5455,10.07,671564.21,
2987,**COMBO SS FRIES CHEESE+REG CFLOAT,PROMO,2491,4.6,163944.39,
2993,**COMBO BFF SS FRIES CHEESE+3CFLOATS,PROMO,568,1.05,113996.44,
3005,**LARGE SS FRIES CHEESE ALC,FRIES,6219,11.48,419775.15,
3007,**LARGE SS FRIES BBQ ALC,FRIES,8558,15.8,576695.25,
3011,**UP SS FRIES CHEESE EVM,UPGRADE,503,0.93,9600.88,
3013,**UP SS FRIES CHEESE MVM,UPGRADE,10145,18.73,39246.73,
3015,**UP SS FRIES CHEESE LVM,UPGRADE,13993,25.84,56380.18,
3017,**UP BFF SS FRIES CHEESE,UPGRADE,3802,7.02,48135.69,
3055,HB REG COKE,HB DRINKS,14370,26.53,0.00,
3056,HB REG SPRITE,HB DRINKS,4411,8.15,0.00,
3058,HB REG ZERO,HB DRINKS,3811,7.04,0.00,
3059,HB MED COKE,UPGRADES,284,0.52,1205.36,
3060,HB MED SPRITE,UPGRADES,71,0.13,437.50,
3062,HB MED ZERO,UPGRADES,88,0.16,437.50,
3063,HB LRG COKE,UPGRADES,337,0.62,2638.40,
3064,HB LRG SPRITE,UPGRADES,80,0.15,736.61,
3066,HB LRG ZERO,UPGRADES,128,0.24,1017.86,
3067,HB OJ 12oz,UPGRADES,816,1.51,3982.16,
3068,HB OJ 16oz,UPGRADES,115,0.21,1160.71,
3069,HB PJ 12oz,UPGRADES,511,0.94,2830.37,
3070,HB PJ 16oz,UPGRADES,67,0.12,946.43,
3071,HB ITEA 12oz,UPGRADES,302,0.56,905.35,
3072,HB ITEA 16oz,UPGRADES,190,0.35,2000.00,
3073,HB REG COKE FLOAT,UPGRADES,15,0.03,67.86,
3077,HB COFFEE FLOAT (16oz),UPGRADES,457,0.84,7433.03,
3079,**BFF-FRIES,REGULARS,28393,52.43,0.00,
3094,**BFF FRIES ALC,FRIES,53940,99.6,5433955.59,
3095,BFF FRIES ALC,FRIES,3,0.01,205.36,
3097,**CFLOAT 16oz CMB,REGULARS,54503,100.64,0.00,
3098,**UP CFLOAT 22oz CMB,UPSIZE,14405,26.6,82009.19,
3109,HB ITEA 22oz,UPSIZE,101,0.19,1252.68,
3110,HB PJ 22oz,UPSIZE,132,0.24,1827.68,
3111,HB OJ 22oz,UPSIZE,104,0.19,1416.96,
3162,**6PC MCSHRE ALC,MCSHARE,26313,48.59,7430929.30,
3163,**6PC MCSHRE SCD/PWD ALC,MCSHARE,11233,20.74,360666.48,
3168,**8PC MCSHRE ALC,MCSHARE,11419,21.09,4199642.40,
3169,**8PC MCSHRE SCD/PWD ALC,MCSHARE,7177,13.25,172169.67,
3174,**MCSHRE BUNDLE 3,MCSHARE,4870,8.99,2127432.97,
3175,**MCSHRE BUNDLE 3 W/SCD,MCSHARE,2046,3.78,100986.05,
3180,**MCSHRE BUNDLE 4,MCSHARE,1914,3.53,1187265.13,
3181,**MCSHRE BUNDLE 4 W/SCD,MCSHARE,1064,1.96,42885.06,
3196,**FISH N FRIES ALC,PROMO,2108,3.89,265160.80,
3199,**FISH N RICE ALC,PROMO,773,1.43,91754.49,
3214,**20PC MCNUG W/ 4 SAUC ALC,CHICKEN ALC,6559,12.11,2073321.16,
3216,**20PC MCNUG W/ 4 SAUC ALC SCD/PWD PHEAD,CHICKEN ALC,3113,5.75,62685.28,
3222,**20PC MCNUG BNDL,CHICKEN EVM,3621,6.69,1501763.24,
3224,**20PC MCNUG BNDL SCD/PWD PHEAD,CHICKEN EVM,2272,4.2,59799.12,
3230,**CHX MCDO + MCNUG MCSHRE BNDL 3,CHICKEN EVM,4,0.01,1832.14,
3238,**CHX MCDO + MCNUG MCSHRE BNDL 4,CHICKEN EVM,5,0.01,3058.04,
3244,**2PC FISH N FRIES ALC,PROMO,2145,3.96,408457.09,
3247,**2PC FISH N RICE ALC,PROMO,746,1.38,134399.98,
3249,**SWAP SPICY CHIX,EXTRA,78674,145.27,60162.00,
3598,**MEDIUM SPICY SSF ALC,FRIES,1,0,58.04,
3600,**LARGE SPICY SSF ALC,FRIES,5,0.01,388.39,
3602,**BFF SPICY SSF ALC,FRIES,3,0.01,399.11,
3603,**UP SPICY SSF EVM,UPGRADE,1,0,22.32,
3604,**UP SPICY SSF MVM,UPGRADE,18,0.03,71.43,
3605,**UP SPICY SSF LVM,UPGRADE,12,0.02,53.57,
3606,**UP BFF SPICY FRIES,UPGRADE,1,0,13.39,
3608,**COMBO MEDIUM SSF SPICY W/ CFLOAT,PROMO,1,0,79.46,
3611,**COMBO LARGE SSF SPICY W/ CFLOAT,PROMO,2,0,103.57,
3614,**COMBO BFF SPICY SSF W/CFLOAT,PROMO,1,0,210.71,
3637,**COMBO LARGE FRIES+CFLOAT,PROMO,5987,11.06,483080.08,
3642,**COMBO LARGE SS FRIES CHEESE + CFLOAT,PROMO,1095,2.02,101603.54,
3644,**COMBO LARGE SS FRIES BBQ + CFLOAT,PROMO,1431,2.64,130085.68,
3727,**COFFEE  MCFLURY W/OREO,DESSERT,109,0.2,4410.72,
4034,**HF SUNDAE CMB,REGULARS,2033,3.75,0.00,
4035,**CRML SUNDAE CMB,REGULARS,571,1.05,0.00,
4100,**SWAP HASHBROWN,HAPPY MEAL,1750,3.23,0.00,
4207,**XTRA TOPPING HF SUNDAE,EXTRA,89,0.16,642.86,
4208,**XTRA TOPPING CRML SUNDAE,EXTRA,71,0.13,492.86,
4236,**FREE DELIVERY NP3,PROMO,66,0.12,0.00,
4438,**1PC CHIX MEAL + FRIES MVM,CHICKEN EVM,12861,23.75,1072119.02,
4462,UP MED COKE EVM,UPSIZE,329,0.61,2914.29,
4463,UP MED SPRITE EVM,UPSIZE,65,0.12,535.72,
4465,UP MED ZERO EVM,UPSIZE,123,0.23,1253.57,
4476,UP MONSTR CFLOAT B-EVM,UPSIZE,306,0.57,6244.65,
4477,UP MONSTR CFLOAT (HM),UPSIZE,438,0.81,9448.22,
4478,UP REG CFLOAT B-EVM,UPSIZE,499,0.92,8741.09,
4526,**UP SS FRIES BBQ EVM,UPSIZE,544,1,10647.31,
4533,**UP BFF SS FRIES BBQ,UPSIZE,4205,7.76,53370.71,
4539,**COMBO SS FRIES BBQ+REG CFLOAT,PROMO,2586,4.78,175059.85,
4563,**UP SS FRIES BBQ MVM,UPSIZE,13979,25.81,54560.35,
4566,**UP SS FRIES BBQ LVM,UPSIZE,20706,38.23,83617.95,
4575,**BFF SS FRIES BBQ ALC,FRIES,7146,13.2,861140.09,
4585,**COMBO BFF SS FRIES BBQ+3CFLOATS,PROMO,715,1.32,145603.58,
4620,**McCRISPY CHIX FILLET W/FRIES MVM,CHICKEN EVM,12919,23.86,991373.64,
4623,**McCRISPY CHIX FILLET ALA KING MVM,CHICKEN EVM,7153,13.21,377445.39,
4626,**McCRISPY CHIX FILLET ALA KING W/FRIES MVM,CHICKEN EVM,10249,18.93,801113.84,
4629,**1PC CHX MCDO W/MUSHRM SOUP MVM,CHICKEN EVM,850,1.57,89614.27,
4638,**FISH N FRIES MVM,PROMO,328,0.61,46146.42,
4641,**NEW BURGER MCDO MVM,BURGER EVM,14555,26.88,901791.77,
4643,**BURGER MCDO+SD MVM,BURGER EVM,25,0.05,1414.29,
4645,**CHEESY BRGR MCDO MVM,BURGER MVM,9145,16.89,670727.41,
4647,**McCRISPY CHIX SNDWCH W/FRIES MVM,CHICKEN EVM,23931,44.19,1795042.15,
4656,**FISH N RICE MVM,PROMO,160,0.3,23389.28,
4667,**CHEESY BRGR MCSAVER MVM,MCSAVERS,1193,2.2,44068.75,
4681,**2PC FISH N FRIES MVM,PROMO,228,0.42,49642.86,
4684,**2PC FISH N RICE MVM,PROMO,107,0.2,23828.57,
4687,**1PC SPICY CHIX MVM,CHICKEN EVM,2646,4.89,215305.45,
4690,**1PC SPICY CHIX + FRIES MVM,CHICKEN EVM,5165,9.54,500189.25,
4699,**1PC SPICY CHIX + SPAG MVM,CHICKEN EVM,1900,3.51,212756.25,
4710,**2PC SPICY CHIX MVM,CHICKEN EVM,1850,3.42,274450.90,
4713,**2PC SPICY CHIX (MIX) MVM,CHICKEN EVM,24,0.04,3712.50,
4715,**MCSPAG W/ FRIES MVM,MCSAVER,1842,3.4,189544.00,
4717,**MCSPAG W/ BURGER MVM,MCSAVER,2199,4.06,159500.00,
4732,**MEGA B 1PC CHX W/ RICE + MCSPAG MVM,PROMO,991,1.83,100857.11,
4734,**MEGA B 1PC SPICY CHX W/ RICE + MCSPAG MVM,PROMO,410,0.76,49191.07,
4737,**MEGA C 1PC CHX W/ FRY + MCFLURRY MVM,PROMO,1191,2.2,157339.31,
4740,**MEGA C 1PC SPICY CHX W/ FRY + MCFLURRY MVM,PROMO,450,0.83,61410.70,
4747,**1PC SPICY CHX BIC W/MUSHRM SOUP MVM,CHICKEN EVM,477,0.88,62034.00,
4758,**MEGA A 1PC CHX W/FRIES + MUSHRM SOUP MVM,CHICKEN EVM,746,1.38,102000.00,
4761,**MEGA A 1PC SPICY CHX W/FRIES + MUSHRM SOUP MVM,CHICKEN MVM,385,0.71,60876.00,
4764,**MEGA 1PC CHIX W/ MCSPAG + SUNDAE MVM,CHICKEN MVM,1086,2.01,125678.56,
4767,**MEGA 1PC SPICY CHIX W/ MCSPAG + SUNDAE MVM,CHICKEN MVM,371,0.69,50664.29,
4770,**MEGA 1PC CHIX W/ RICE + FRIES + BRGR MCDO MVM,CHICKEN MVM,2430,4.49,252066.92,
4773,**MEGA 1PC SPICY CHIX W/ RICE + FRIES + BRGR MCDO MVM,CHICKEN MVM,656,1.21,82350.00,
5272,**XTRA PEARL,EXTRA,9,0.02,60.71,
5274,**CLSSC MT wBRWN SUGR PRLS 16oz,DESSERT,636,1.17,31941.97,
5276,**CLSSC MT wBRWN SUGR PRLS 22oz,DESSERT,1211,2.24,79392.83,
5278,**WNTRMLN MT wBRWN SUGR PRLS 16oz ,DESSERT,820,1.51,38906.26,
5280,**WNTRMLN MT wBRWN SUGR PRLS 22oz,DESSERT,1354,2.5,88977.65,
5282,**UP CLSC MT wBRWN SUGR PRLS 16oz EVM,DESSERT,276,0.51,10675.01,
5284,**UP CLSC MT wBRWN SUGR PRLS 22oz EVM,DESSERT,196,0.36,7982.14,
5286,**UP WMELON MT wBRWN SUGR PRLS 16oz EVM,DESSERT,363,0.67,13839.30,
5288,**UP WMELON MT wBRWN SUGR PRLS 22oz EVM,DESSERT,248,0.46,11142.85,
5290,**UP CLSC MT wBRWN SUGR PRLS 16oz MVM,DESSERT,621,1.15,19107.15,
5292,**UP CLSC MT wBRWN SUGR PRLS 22oz MVM,DESSERT,161,0.3,6116.08,
5294,**UP WMELON MT wBRWN SUGR PRLS 16oz MVM,DESSERT,832,1.54,25928.58,
5296,**UP WMELON MT wBRWN SUGR PRLS 22oz MVM,DESSERT,191,0.35,7946.44,
5298,**UP CLSC MT wBRWN SUGR PRLS 16oz LVM,DESSERT,578,1.07,17846.44,
5300,**UP CLSC MT wBRWN SUGR PRLS 22oz LVM,DESSERT,659,1.22,24214.26,
5302,**UP WMELON MT wBRWN SUGR PRLS 16oz LVM,DESSERT,706,1.3,21476.80,
5304,**UP WMELON MT wBRWN SUGR PRLS 22oz LVM,DESSERT,956,1.77,37585.68,
5306,**CLASSIC MILK TEA 16oz,DESSERT,311,0.57,10062.50,
5308,**CLASSIC MILK TEA 22oz,DESSERT,493,0.91,22592.56,
5310,**WINTERMELON MILK TEA 16oz,DESSERT,346,0.64,11681.25,
5312,**WINTERMELON MILK TEA 22oz,DESSERT,624,1.15,30379.69,
5314,**UP CLSC MLK TEA 16oz EVM,DESSERT,126,0.23,2483.03,
5316,**UP CLSC MLK TEA 22oz EVM,DESSERT,74,0.14,1607.14,
5318,**UP WMELON MLK TEA 16oz EVM,DESSERT,178,0.33,3459.82,
5320,**UP WMELON MLK TEA 22oz EVM,DESSERT,88,0.16,1982.14,
5322,**UP CLSC MLK TEA 16oz MVM,DESSERT,220,0.41,2720.37,
5324,**UP CLSC MLK TEA 22oz MVM,DESSERT,75,0.14,1017.85,
5326,**UP WMELON MLK TEA 16oz MVM,UPGRADE MVM,286,0.53,3321.44,
5328,**UP WMELON MLK TEA 22oz MVM,DESSERT,86,0.16,1428.57,
5330,**UP CLSC MLK TEA 16oz LVM,UPGRADE LVM,141,0.26,1543.74,
5332,**UP CLSC MLK TEA 22oz LVM,DESSERT,246,0.45,3680.35,
5334,**UP WMELON MLK TEA 16oz LVM,DESSERT,214,0.4,2298.21,
5336,**UP WMELON MLK TEA 22oz LVM,DESSERT,323,0.6,4724.99,
5338,**ICED COFFEE SWEET BLCK 16oz,DESSERT,578,1.07,16923.20,
5340,**ICED COFFEE ORIGINAL 16oz,DESSERT,2424,4.48,65290.13,
5342,**ICED COFFEE MILKY 16oz ,DESSERT,478,0.88,18200.00,
5344,**ICED COFFEE SWEET BLCK W/ VNLA 16oz,DESSERT,207,0.38,7962.50,
5346,**ICED COFFEE ORIGINAL W/ VNLA 16oz,DESSERT,2224,4.11,78618.75,
5348,**ICED COFFEE MILKY W/ VNLA 16oz,DESSERT,812,1.5,35768.77,
5350,**ICED COFFEE SWEET BLCK 22oz,DESSERT,1954,3.61,83337.55,
5352,**ICED COFFEE ORIGINAL 22oz,,5116,9.45,211030.47,
5354,**ICED COFFEE MILKY 22oz ,DESSERT,1247,2.3,65549.95,
5356,**ICED COFFEE SWEET BLCK W/ VNLA 22oz,,931,1.72,48361.57,
5358,**ICED COFFEE ORIGINAL W/ VNLA 22oz,DESSERT,5281,9.75,257271.25,
5360,**ICED COFFEE MILKY W/ VNLA 22oz ,DESSERT,2427,4.48,141776.76,
5362,**UP ICED COFFEE SWEET BLCK 16oz EVM,UPGRADE EVM,555,1.02,9178.55,
5364,**UP ICED COFFEE ORIGINAL 16oz EVM,UPGRADE EVM,2374,4.38,37017.77,
5366,**UP ICED COFFEE MILKY 16oz EVM,UPGRADE EVM,501,0.93,10602.67,
5368,**UP ICED COFFEE SWEET BLCK W/ VNLA 16oz EVM,UPGRADE EVM,235,0.43,4776.78,
5370,**UP ICED COFFEE ORIGINAL W/ VNLA 16oz EVM,UPGRADE EVM,3040,5.61,60426.71,
5372,**UP ICED COFFEE MILKY W/ VNLA 16oz EVM ,UPGRADE EVM,905,1.67,21187.49,
5374,**UP ICED COFFEE SWEET BLCK 22oz EVM,UPGRADE EVM,695,1.28,14129.45,
5376,**UP ICED COFFEE ORIGINAL 22oz EVM,UPGRADE EVM,2012,3.72,40223.16,
5378,**UP ICED COFFEE MILKY 22oz EVM,UPGRADE EVM,361,0.67,8946.42,
5380,**UP ICED COFFEE SWEET BLCK W/ VNLA 22oz EVM,UPGRADE EVM,277,0.51,6642.85,
5382,**UP ICED COFFEE ORIGINAL W/ VNLA 22oz EVM,UPGRADE EVM,2511,4.64,60887.11,
5384,**UP ICED COFFEE MILKY W/ VNLA 22oz EVM,UPGRADE EVM,999,1.84,29000.00,
5386,**UP ICED COFFEE SWEET BLCK 16oz MVM,UPGRADE MVM,609,1.12,5160.73,
5388,**UP ICED COFFEE ORIGINAL 16oz MVM,UPGRADE MVM,2295,4.24,19151.85,
5390,**UP ICED COFFEE MILKY 16oz MVM,UPGRADE MVM,545,1.01,6924.13,
5392,**UP ICED COFFEE SWEET BLCK W/ VNLA 16oz MVM,UPGRADE MVM,263,0.49,3294.65,
5394,**UP ICED COFFEE ORIGINAL W/ VNLA 16oz MVM,UPGRADE MVM,3004,5.55,37168.51,
5396,**UP ICED COFFEE MILKY W/ VNLA 16oz MVM,UPGRADE MVM,995,1.84,16785.67,
5398,**UP ICED COFFEE SWEET BLCK 22oz MVM,UPGRADE MVM,336,0.62,4285.73,
5400,**UP ICED COFFEE ORIGINAL 22oz MVM,UPGRADE MVM,1111,2.05,13955.40,
5402,**UP ICED COFFEE MILKY 22oz MVM,UPGRADE MVM,254,0.47,4339.28,
5404,**UP ICED COFFEE SWEET BLCK W/ VNLA 22oz MVM,UPGRADE MVM,131,0.24,2303.57,
5406,**UP ICED COFFEE ORIGINAL W/ VNLA 22oz MVM,UPGRADE MVM,1231,2.27,21267.81,
5408,**UP ICED COFFEE MILKY W/ VNLA 22oz MVM,UPGRADE MVM,501,0.93,10691.95,
5410,**UP ICED COFFEE SWEET BLCK 16oz LVM,UPGRADE LVM,356,0.66,2392.87,
5412,**UP ICED COFFEE ORIGINAL 16oz LVM,UPGRADE LVM,1319,2.44,8757.20,
5414,**UP ICED COFFEE MILKY 16oz LVM,UPGRADE LVM,347,0.64,3725.88,
5416,**UP ICED COFFEE SWEET BLCK W/ VNLA 16oz LVM,UPGRADE LVM,200,0.37,2228.56,
5418,**UP ICED COFFEE ORIGINAL W/ VNLA 16oz LVM,UPGRADE LVM,2181,4.03,23540.59,
5420,**UP ICED COFFEE MILKY W/ VNLA 16oz LVM,UPGRADE LVM,667,1.23,10285.70,
5422,**UP ICED COFFEE SWEET BLCK 22oz LVM,UPGRADE LVM,1043,1.93,11595.49,
5424,**UP ICED COFFEE ORIGINAL 22oz LVM,UPGRADE LVM,3005,5.55,32942.34,
5426,**UP ICED COFFEE MILKY 22oz LVM,UPGRADE LVM,654,1.21,10141.05,
5428,**UP ICED COFFEE SWEET BLCK W/ VNLA 22oz LVM,UPGRADE LVM,533,0.98,8308.91,
5430,**UP ICED COFFEE ORIGINAL W/ VNLA 22oz LVM,UPGRADE LVM,4507,8.32,68705.24,
5432,**UP ICED COFFEE MILKY W/ VNLA 22oz LVM,,1751,3.23,34417.83,
5471,**ICED COFFE CHOCO 16oz,DESSERT,1072,1.98,39506.25,
5474,**ICED COFFE  SWEET BLCK W/ CHOCO 16oz,DESSERT,170,0.31,6650.00,
5477,**ICED COFFE MILKY W/ CHOCO 16oz,DESSERT,332,0.61,15329.47,
5480,**ICED COFFE CHOCO 22oz,DESSERT,2140,3.95,112679.39,
5483,**ICED COFFE SWEET BLCK W/ CHOCO 22oz,DESSERT,556,1.03,29633.02,
5486,**ICED COFFE MILKY W/ CHCO 22oz,DESSERT,1041,1.92,64399.09,
5489,**UP ICED COFFE CHOCO 16oz EVM,DESSERT,1334,2.46,26542.82,
5491,**UP ICED COFFE SWEET BLCK W/ CHOCO 16oz EVM,DESSERT,143,0.26,3035.71,
5493,**UP ICED COFFE MILKY W/ CHOCO 16oz EVM,DESSERT,419,0.77,10258.92,
5495,**UP ICED COFFE CHOCO 22oz  EVM,DESSERT,896,1.65,22098.20,
5497,**UP ICED COFFE SWEET BLCK W/ CHOCO 22oz EVM,DESSERT,170,0.31,4392.85,
5499,**UP ICED COFFE MILKY W/ CHOCO 22oz EVM,DESSERT,362,0.67,10625.00,
5501,**UP ICED COFFE CHOCO 16oz MVM,DESSERT,1718,3.17,21147.39,
5503,**UP ICED COFFE SWEET BLCK W/ CHOCO 16oz MVM,DESSERT,200,0.37,2584.83,
5505,**UP ICED COFFE MILKY W/ CHOCO 16oz MVM,DESSERT,540,1,9107.12,
5507,**UP ICED COFFE CHOCO 22oz  MVM,DESSERT,505,0.93,8464.27,
5509,**UP ICED COFFE SWEET BLCK W/ CHOCO 22oz MVM,DESSERT,109,0.2,1892.85,
5511,**UP ICED COFFE MILKY W/ CHOCO 22oz MVM,DESSERT,223,0.41,4623.21,
5513,**UP ICED COFFE CHOCO 16oz LVM,DESSERT,1246,2.3,13407.59,
5515,**UP ICED COFFE SWEET BLCK W/ CHOCO 16oz LVM,DESSERT,173,0.32,1857.14,
5517,**UP ICED COFFE MILKY W/ CHOCO 16oz LVM,DESSERT,422,0.78,6203.56,
5519,**UP ICED COFFE CHOCO 22oz  LVM,DESSERT,2111,3.9,31855.44,
5521,**UP ICED COFFE SWEET BLCK W/ CHOCO 22oz LVM,DESSERT,416,0.77,6299.99,
5523,**UP ICED COFFE MILKY W/ CHOCO 22oz LVM,DESSERT,910,1.68,17722.31,
5771,**MEGA A 1PC CHX W/FRIES + MUSHRM SOUP LVM,CHICKEN EVM,1226,2.26,183487.95,
5774,**MEGA A 1PC SPICY CHX W/FRIES + MUSHRM SOUP LVM,CHICKEN EVM,581,1.07,93965.17,
5782,**MEGA B 1PC CHX W/ RICE + MCSPAG LVM,PROMO,1864,3.44,210227.64,
5784,**MEGA B 1PC SPICY CHX W/ RICE + MCSPAG LVM,PROMO,854,1.58,111450.00,
5787,**MEGA C 1PC CHX W/ FRY + MCFLURRY LVM,PROMO,1891,3.49,282503.55,
5790,**MEGA C 1PC SPICY CHX W/ FRY + MCFLURRY LVM,PROMO,953,1.76,153083.05,
5802,**1PC SPICY CHIX LVM,CHICKEN EVM,2498,4.61,219669.55,
5805,**1PC SPICY CHIX + FRIES LVM,CHICKEN EVM,4756,8.78,559815.90,
5814,**1PC SPICY CHIX + SPAG LVM,CHICKEN EVM,2115,3.91,246050.03,
5817,**2PC SPICY CHIX LVM,CHICKEN EVM,3504,6.47,541298.97,
5820,**2PC SPICY CHIX (MIX) LVM,CHICKEN EVM,41,0.08,6755.36,
5827,**1PC SPICY CHX BIC W/MUSHRM SOUP LVM,CHICKEN EVM,536,0.99,72504.00,
5830,**MEGA 1PC CHIX W/ MCSPAG + SUNDAE LVM,CHICKEN LVM,2281,4.21,286718.75,
5833,**MEGA 1PC SPICY CHIX W/ MCSPAG + SUNDAE LVM,CHICKEN LVM,988,1.82,134453.60,
5836,**MEGA 1PC CHIX W/ RICE + FRIES + BRGR MCDO LVM,CHICKEN LVM,3847,7.1,499004.55,
5839,**MEGA 1PC SPICY CHIX W/ RICE + FRIES + BRGR MCDO LVM,CHICKEN LVM,1256,2.32,180614.24,
6593,**SECRET MENU - TRIPLE CB ALC,BURGER ALC,2457,4.54,291310.74,
6595,**SECRET MENU - TRIPLE CB SEVM,BURGER EVM,137,0.25,19508.93,
6597,**SECRET MENU - TRIPLE CB MEVM,BURGER MVM,1065,1.97,176437.50,
6599,**SECRET MENU - TRIPLE CB LEVM,BURGER LVM,2118,3.91,396569.20,
6609,**SECRET MENU - DOUBLE MCCHICKEN ALC,BURGER ALC,1536,2.84,191509.84,
6611,**SECRET MENU - DOUBLE MCCHICKEN SEVM,BURGER EVM,55,0.1,8312.50,
6613,**SECRET MENU - DOUBLE MCCHICKEN MEVM,BURGER MVM,654,1.21,102375.00,
6615,**SECRET MENU - DOUBLE MCCHICKEN LEVM,BURGER LVM,1099,2.03,208026.74,
6617,**SECRET MENU - DOUBLE QPC ALC,BURGER ALC,2159,3.99,366428.65,
6619,**SECRET MENU - DOUBLE QPC SEVM,BURGER EVM,111,0.2,22857.14,
6621,**SECRET MENU - DOUBLE QPC MEVM,BURGER MVM,1116,2.06,244979.60,
6623,**SECRET MENU - DOUBLE QPC LEVM,BURGER LVM,2786,5.14,667120.54,
6634,**SECRET MENU - DOUBLE BIGMAC ALC,BURGER ALC,476,0.88,87187.52,
6636,**SECRET MENU - DOUBLE BIGMAC EVM,BURGER EVM,19,0.04,3885.71,
6638,**SECRET MENU - DOUBLE BIGMAC MVM,BURGER MVM,239,0.44,51257.15,
6640,**SECRET MENU - DOUBLE BIGMAC LVM,BURGER LVM,598,1.1,147471.42,
6642,**SECRET MENU - THE BCB ALC,BURGER ALC,1067,1.97,151050.40,
6644,**SECRET MENU - THE BCB EVM,BURGER EVM,31,0.06,5250.00,
6646,**SECRET MENU - THE BCB MVM,BURGER MVM,630,1.16,117669.62,
6648,**SECRET MENU - THE BCB LVM,BURGER LVM,1062,1.96,223214.30,
6651,**1PC MUSHRM PEPPER STK ALC,BURGER ALC,11892,21.96,493300.40,
6654,**1PC MUSHRM PEPPER STK EVM,BURGER EVM,630,1.16,27831.26,
6657,**1PC MUSHRM PEPPER STK MVM,BURGER EVM,1795,3.31,109589.35,
6660,**1PC MUSHRM PEPPER STK LVM,BURGER LVM,1880,3.47,123026.72,
6672,**2PC MUSHRM PEPPER STK ALC,BURGER ALC,18343,33.87,1042425.00,
6675,**2PC MUSHRM PEPPER STK EVM,BURGER EVM,1161,2.14,56416.41,
6678,**2PC MUSHRM PEPPER STK MVM,BURGER MVM,3306,6.1,242565.14,
6682,**2PC MUSHRM PEPPER STK LVM,BURGER LVM,4338,8.01,366200.00,
6691,**1PC CHIX MCDO W/ FRIES SOLO,,14660,27.07,817858.12,
6694,**1PC SPICY CHIX MCDO W/ FRIES SOLO,,5451,10.07,358813.22,
6705,ITEA UP 16oz B-EVM,UPSIZE,208,0.38,3357.13,
6706,OJ UP 16oz B-EVM,UPSIZE,954,1.76,14749.96,
6912,**CHICKEN KATSU ALC,CHICKEN ALC,9972,18.41,589725.00,
6915,**CHICKEN KATSU EVM,CHICKEN EVM,523,0.97,33589.27,
6918,**CHICKEN KATSU MVM,CHICKEN MVM,1932,3.57,156678.55,
6921,**CHICKEN KATSU LVM,CHICKEN LVM,2429,4.49,211700.00,
6922,**XTRA KATSU SAUCE,PROMO,39,0.07,169.64,
6962,**1PC CHX MCDO W/MUSHRM SOUP EVM,CHICKEN EVM,322,0.59,26635.70,
6965,**McCRISPY CHIX FILLET ALA KING W/FRIES EVM,CHICKEN EVM,2437,4.5,140755.48,
6968,**McCRISPY CHIX FILLET ALA KING EVM,CHICKEN EVM,1469,2.71,52242.82,
6983,**1PC CHIX MEAL + REG FRIES EVM,CHICKEN EVM,6173,11.4,321761.83,
7008,**BF McCRISPY CF W/ EGG + HASH EVM,BREAKFAST,1261,2.33,147125.00,
7014,**BF McCRISPY CF ALA KING W/ EGG + HASH EVM,BREAKFAST,2348,4.34,267987.50,
7017,**CHEESY BRGR MCSAVER EVM,MCSAVERS,669,1.24,19848.21,
7019,**CHEESY BRGR MCDO EVM,BURGER EVM,1440,2.66,59821.42,
7028,**FISH N FRIES EVM,PROMO,232,0.43,26959.82,
7031,**BF 1PC CHIX W/ EGG + HASH EVM,REGULARS,1929,3.56,214100.48,
7035,**FISH N RICE EVM,PROMO,92,0.17,9575.89,
7039,**BF 2PC CHIX W/ EGG + HASH EVM,BREAKFAST,648,1.2,118180.37,
7072,**McCRISPY CHIX FILLET W/FRIES EVM,CHICKEN EVM,3522,6.5,195818.11,
7120,**2PC HCAKE W/ REG FRY (H-M),HAPPY MEAL,2297,4.24,215050.00,
7122,**2PC HCAKE (H-M),HAPPY MEAL,814,1.5,53126.80,
7146,**2PC MSHRUM STEAK ALC,BURGER ALC,10,0.02,455.36,
7169,1PC CHIX MCDO W/REG FRY (HM),HAPPY MEAL,2,0,239.29,
7181,**CHEESY BRGR MCDO (H-M),PROMO,1113,2.06,77228.55,
7183,**CHEESY BRGR MCDO + REG FRY (H-M),PROMO,3697,6.83,307939.21,
7184,**BF 2PC CHIX W/ EGG ALC,BREAKFAST,635,1.17,91173.24,
7185,**BF 2PC CHIX W/ EGG EVM,BREAKFAST,314,0.58,45808.71,
7209,**BF McCRISPY CF W/ EGG ALC,BREAKFAST,1241,2.29,90762.54,
7210,2PC HCAKE EVM,BREAKFAST BA P50,2,0,56.25,
7219,**BF McCRISPY CF W/ EGG EVM,BREAKFAST,535,0.99,46604.48,
7225,**BF McCRISPY CF ALA KING W/ EGG EVM,BREAKFAST,776,1.43,73265.42,
7237,**BF 1PC CHIX W/ EGG ALC,BREAKFAST,1589,2.93,121696.40,
7238,**BF 1PC CHIX W/ EGG EVM,BREAKFAST,830,1.53,71012.50,
7239,**BF McCRISPY CF ALA KING W/ EGG ALC,BREAKFAST,2213,4.09,159946.50,
7258,**BF 12oz OJ,REGULARS,9088,16.78,0.00,
7259,**BF 12oz ICE TEA,REGULARS,2079,3.84,0.00,
7260,**BF 12oz PJ,REGULARS,3133,5.79,0.00,
7261,REG COKE B-EVM,,2624,4.85,0.00,
7269,UP LRG COKE B-EVM,UPSIZE,592,1.09,8241.98,
7310,**XTRA EGG,EXTRA,225,0.42,3178.56,
7313,XTRA CHEESE,EXTRA,454,0.84,4379.48,
7316,**CHZY EGGDESAL W/HASH EVM,BREAKFAST EVM,5231,9.66,290862.76,
7336,**BRGRDESAL ALC,BREAKFAST ALC,36,0.07,892.86,
7341,**CHZY EGGDESAL W/HAM ALC,BREAKFAST ALC,3835,7.08,151445.00,
7343,**CHZY EGGDESAL W/HAM EVM,BREAKFAST EVM,1157,2.14,58491.99,
7345,**CHZY EGGDESAL W/HAM HASH VM,BREAKFAST EVM,2782,5.14,220071.52,
7353,**CHZY EGGDESAL W/SSG ALC,BREAKFAST ALC,3790,7,164074.50,
7355,**CHZY EGGDESAL W/SSG EVM,BREAKFAST EVM,995,1.84,59587.50,
7357,**CHZY EGGDESAL W/SSG HASH VM,BREAKFAST EVM,2533,4.68,234182.06,
7360,**1PC CHX MCDO W/MUSHRM SOUP LVM,CHICKEN EVM,1048,1.94,119482.02,
7363,**McCRISPY CHIX FILLET ALA KING W/FRIES LVM,CHICKEN EVM,12612,23.29,1257681.25,
7366,**McCRISPY CHIX FILLET ALA KING LVM,CHICKEN EVM,7238,13.37,427696.35,
7369,**McCRISPY CHIX FILLET W/FRIES LVM,CHICKEN EVM,9895,18.27,992868.75,
7384,**1PC CHIX MEAL + FRIES LVM,CHICKEN EVM,8494,15.68,945434.13,
7407,**BIGMAC LVM,BURGER EVM,5763,10.64,986314.36,
7409,**QTR PNDR LVM,BURGER EVM,6751,12.47,1161630.94,
7411,**DBL CHBRGR LVM,BURGER EVM,8310,15.34,1194375.78,
7413,**MCCHIX LVM,BURGER EVM,4364,8.06,646205.25,
7419,**6PC MCNUG W/FRIES LVM,CHICKEN EVM,10210,18.85,1626821.00,
7422,**6PC MCNUG W/RICE LVM,CHICKEN EVM,3150,5.82,442134.30,
7425,**2PC CHIX MCDO LVM,CHICKEN EVM,6593,12.17,960596.73,
7428,**1PC CHIX+SPAG LVM,CHICKEN EVM,5528,10.21,587118.47,
7438,**NEW BURGER MCDO LVM,BURGER EVM,9600,17.73,826636.81,
7440,**BURGER MCDO+SD LVM,BURGER EVM,41,0.08,2131.25,
7449,**McCRISPY CHIX SNDWCH W/FRIES LVM,CHICKEN EVM,16496,30.46,1684435.00,
7450,MCSPAG LVM,CHICKEN EVM,1,0,66.07,
7457,**CHBRGR LVM,BURGER EVM,14999,27.7,1562520.17,
7460,**1PC CHIX MCDO LVM,CHICKEN LVM,8628,15.93,633563.93,
7462,**CHBRGR DLUXE LVM,BURGER EVM,4757,8.78,608357.09,
7469,**CHEESY BRGR MCDO LVM,BURGER LVM,6572,12.14,650640.00,
7470,**LRG FRIES LVM,REGULARS,102666,189.58,0.00,
7495,**FISH N FRIES LVM,PROMO,399,0.74,59475.00,
7498,**FISH N RICE LVM,PROMO,156,0.29,24050.00,
7502,**CHEESY BRGR MCSAVER LVM,MCSAVERS,123,0.23,7907.14,
7512,**MCSPAG W/ FRIES LVM,MCSAVER,2216,4.09,245892.92,
7514,**MCSPAG W/ BURGER LVM,MCSAVER,3255,6.01,257504.50,
7519,**NEW BURGER MCDO EVM,BURGER EVM,5088,9.4,167072.10,
7529,**BURGER MCDO+SD EVM,BURGER EVM,394,0.73,9107.14,
7537,**McCRISPY CHIX SNDWCH W/FRIES EVM,CHICKEN EVM,5254,9.7,243303.53,
7540,**2PC FISH N FRIES LVM,PROMO,543,1,125581.26,
7543,**2PC FISH N RICE LVM,PROMO,161,0.3,38407.15,
7546,**BF 1PC SPICY CHIX W/ EGG MEAL,BREAKFAST EVM,281,0.52,27928.58,
7549,**BF 1PC SPICY CHIX W/ EGG + HASH MEAL,BREAKFAST EVM,868,1.6,107307.15,
7552,**BF 2PC SPICY CHIX W/ EGG MEAL,BREAKFAST EVM,114,0.21,18484.82,
7555,**BF 2PC SPICY CHIX W/ EGG + HASH MEAL,BREAKFAST EVM,380,0.7,70221.44,
7558,**BF 2PC SPICY CHIX W/ EGG (MIX) MEAL,BREAKFAST EVM,2,0,357.14,
7563,**BF 2PC SPICY CHIX W/ EGG + HASH (MIX) MEAL,BREAKFAST EVM,4,0.01,828.57,
7568,**1PC SPICY CHIX (H-M),HAPPY MEAL,35,0.06,3133.93,
7574,**1PC SPICY CHIX W/ FRIES (H-M),HAPPY MEAL,62,0.11,5392.86,
7579,**1PC CHIX + HCAKE ALC,CHICKEN EVM,1002,1.85,85630.95,
7581,**1PC CHIX + 2PC HCAKE EVM,CHICKEN EVM,502,0.93,56178.58,
7583,**1PC CHIX + HCAKE W/ HASH EVM,CHICKEN EVM,1899,3.51,248304.64,
7585,**1PC SPICY CHIX + HCAKE ALC,CHICKEN EVM,274,0.51,26796.42,
7587,**1PC SPICY CHIX + 2PC HCAKE EVM,CHICKEN EVM,148,0.27,17357.14,
7589,**1PC SPICY CHIX + HCAKE W/ HASH EVM,CHICKEN EVM,686,1.27,96091.02,
7932,**1PC SPICY CHIX EVM,CHICKEN EVM,599,1.11,34729.58,
7935,**1PC SPICY CHIX + FRIES EVM,CHICKEN EVM,1006,1.86,69111.64,
7944,**1PC SPICY CHIX + SPAG EVM,CHICKEN EVM,342,0.63,33388.39,
7947,**2PC SPICY CHIX EVM,CHICKEN EVM,484,0.89,57373.22,
7950,**2PC SPICY CHIX (MIX) EVM,CHICKEN EVM,130,0.24,12642.86,
7966,**1PC SPICY CHX BIC W/MUSHRM SOUP EVM,CHICKEN EVM,61,0.11,7020.00,
7992,CRISPY CHIX SNDWCH ALC,EVRDY MCSAVERS,2,0,82.14,
7996,**MCSPAG W/ FRIES EVM,MCSAVER,741,1.37,50880.00,
8003,**MCSPAG W/ BURGER EVM,MCSAVER,1027,1.9,45267.85,
8005,**UP SUMMIT WATER 330ML,PROMO,35,0.06,361.61,
8012,**MEGA A 1PC CHX W/FRIES + MUSHRM SOUP EVM,CHICKEN EVM,111,0.2,11892.86,
8015,**MEGA A 1PC SPICY CHX W/FRIES + MUSHRM SOUP EVM,CHICKEN EVM,27,0.05,3370.54,
8025,**MEGA B 1PC CHX W/ RICE + MCSPAG EVM,PROMO,287,0.53,12553.58,
8027,**MEGA B 1PC SPICY CHX W/ RICE + MCSPAG EVM,PROMO,33,0.06,3235.71,
8030,**MEGA C 1PC CHX W/ FRY + MCFLURRY EVM,PROMO,155,0.29,14389.28,
8033,**MEGA C 1PC SPICY CHX W/ FRY + MCFLURRY EVM,PROMO,46,0.08,4168.75,
8036,**2PC FISH N FRIES EVM,PROMO,131,0.24,25175.00,
8039,**2PC FISH N RICE EVM,PROMO,67,0.12,14487.50,
8051,**REG FRIES EVM,REGULARS,39845,73.58,0.00,
8061,**HOT CHOCO EVM,REGULARS,4731,8.74,0.00,
8062,**UP McCAFE PR COFFE 8oz  EVM,UPSIZE,646,1.19,6482.16,
8085,**UP McCAFE PR COFFE 12oz EVM,UPSIZE,732,1.35,11752.11,
8087,ITEA UP 22oz (MS),UPSIZE,245,0.45,4866.96,
8088,PJ UP 22oz (MS),UPSIZE,334,0.62,6242.85,
8089,OJ UP 22oz (MS),UPSIZE,1116,2.06,21192.84,
8171,**MEGA 1PC CHIX W/ MCSPAG + SUNDAE EVM,CHICKEN EVM,187,0.35,12555.35,
8174,**MEGA 1PC SPICY CHIX W/ MCSPAG + SUNDAE EVM,CHICKEN EVM,24,0.04,3162.50,
8177,**MEGA 1PC CHIX W/ RICE + FRIES + BRGR MCDO EVM,CHICKEN EVM,353,0.65,18254.47,
8180,**MEGA 1PC SPICY CHIX W/ RICE + FRIES + BRGR MCDO EVM,CHICKEN EVM,76,0.14,7003.57,
8181,**MEGA HF SUNDAE,REGULARS,428,0.79,0.00,
8182,**MEGA CRML SUNDAE,REGULARS,150,0.28,0.00,
8184,**MEGA PLAIN SUNDAE,REGULARS,9,0.02,0.00,
8203,**MED FRIES MVM,REGULARS,15762,29.11,0.00,
8610,XTRA STRAWBRY JAM,EXTRA,50,0.09,0.00,
8806,**MCFLURY OREO 2,DESSERTS,41292,76.25,1323272.67,
9091,BRGR MCDO ALC,BURGER ALC,5,0.01,160.71,
9093,MED OJ (16oz),BEVERAGES,1,0,47.32,
9095,HOT CHOCO,BEVERAGES,1,0,32.14,
9322,**MCSPAG (H-M),HAPPY MEAL,2116,3.91,148062.52,
9323,**BRGR MCDO (H-M),HAPPY MEAL,1996,3.69,110728.63,
9366,McCAFE PR COFF B-EVM,,22167,40.93,0.00,
9374,McCAFE PR COFF (12oz),BEVERAGES,1,0,39.29,
9375,UP McCAFE PR COFF(12oz) B-EVM,UPSIZE,5174,9.55,60445.37,
9542,**LONGGANISA W/EGG RCE ALC,,5532,10.22,327492.75,
9545,**LONGGANISA W/EGG RCE EVM,,2582,4.77,188370.06,
9548,**LONGGANISA W/EGG RCE & HASH BRWN EVM,,4917,9.08,506154.00,
9551,**SSG W/ EGG RCE ALC,,2195,4.05,147262.45,
9554,**SSG W/ EGG RCE EVM,,1198,2.21,97082.12,
9557,**SSG W/ EGG RCE W/HASH BRWN EVM,,3138,5.79,341687.50,
9560,**1PC MUSHRM PEPPER STK W/ GRLC RCE & EGG ALC,,1633,3.02,95121.48,
9563,**1PC MUSHRM PEPPER STK W/ GRLC RCE & EGG EVM,,510,0.94,39852.70,
9566,**1PC MUSHRM PEPPER STK W/ GRLC RCE & EGG W/HASH BRWN EVM,,1877,3.47,182480.38,
9569,**2PC MUSHRM PEPPER STK W/ GRLC RCE & EGG ALC,,1494,2.76,118549.16,
9572,**2PC MUSHRM PEPPER STK W/ GRLC RCE & EGG EVM,,651,1.2,64194.65,
9575,**2PC MUSHRM PEPPER STK W/ GRLC RCE & EGG W/HASH BRWN EVM,,1745,3.22,225900.00,
9578,**1PC MUSHRM PEPPER STK W/ PLN RCE & EGG ALC,,722,1.33,39825.00,
9581,**1PC MUSHRM PEPPER STK W/ PLN RCE & EGG EVM,,139,0.26,8058.03,
9584,**1PC MUSHRM PEPPER STK W/ PLN RCE & EGG MVM,,516,0.95,41558.03,
9587,**1PC MUSHRM PEPPER STK W/ PLN RCE & EGG LVM,,674,1.24,57900.00,
9590,**2PC MUSHRM PEPPER STK W/ PLN RCE & EGG ALC,,844,1.56,58843.05,
9593,**2PC MUSHRM PEPPER STK W/ PLN RCE & EGG EVM,,180,0.33,12222.32,
9596,**2PC MUSHRM PEPPER STK W/ PLN RCE & EGG MVM,,966,1.78,90300.02,
9599,**2PC MUSHRM PEPPER STK W/ PLN RCE & EGG LVM,,1407,2.6,144064.41,
9991,**PREMIUM BURGERS BNDL SCD/PWD PHEAD,,5605,10.35,269282.28,
9992,**SNACK BRGR MCSHARE SCD/PWD PHEAD,,2773,5.12,85741.08,
11218,**XTRA CHEESE SLICE,EXTRA,16,0.03,0.00,
11223,**XTRA GRATED CHEESE,EXTRA,3,0.01,0.00,
11224,**XTRA SPAG SAUCE,,136,0.25,2254.46,
12011,XTRA KETCHUP,EXTRA,527,0.97,0.00,
12012,XTRA CREAMER,EXTRA,47,0.09,0.00,
12013,XTRA SUGAR,EXTRA,38,0.07,0.00,
12014,XTRA EQUAL,EXTRA,21,0.04,0.00,
12015,XTRA SALT,EXTRA,71,0.13,0.00,
12016,XTRA MUSTARD,EXTRA,20,0.04,0.00,
12087,***THOUSAND ISLAND SAUCE,,5562,10.27,0.00,
20004,**MCSPAG PLATTER,,4420,8.16,813214.40,
20453,**MEGA COFFEE SUNDAE,,953,1.76,0.00,
21501,**10PC CHIX MCDO,,2639,4.87,1265058.86,
21503,**15PC CHIX MCDO,,491,0.91,357342.84,
21505,**20PC CHIX MCDO,,188,0.35,167946.44,
21507,**10PC SPICY CHIX,,500,0.92,254785.69,
21509,**15PC SPICY CHIX,,85,0.16,64473.21,
21511,**20PC SPICY CHIX,,50,0.09,46607.14,
21513,**40PC MCNUG,,210,0.39,136107.15,
21515,**60PC MCNUG,,18,0.03,17839.29,
21517,**80PC MCNUG,,18,0.03,22464.29,
21520,**10 SRV MCSPAG,,327,0.6,124142.84,
21521,**15 SRV MCSPAG,,56,0.1,33000.00,
21522,**20 SRV MCSPAG,,19,0.04,13357.14,
21523,**5 SRV BFF FRIES,,107,0.2,60357.14,
21524,**8 SRV BFF FRIES,,4,0.01,3642.86,
21525,**10 SRV BFF FRIES,,14,0.03,14799.11,
21526,**10PC PLAIN RICE,,92,0.17,19468.75,
21527,**15PC PLAIN RICE,,16,0.03,5142.86,
21528,**20PC PLAIN RICE,,9,0.02,3816.96,
40210,**H-M XMAS BUNDLE,,15,0.03,5852.68,
45101,**PBB BIGMAC,,17528,32.37,0.00,
45102,**PBB DBL CHB,,5725,10.57,0.00,
45103,**PBB QPC,,14784,27.3,0.00,
45104,**PBB MCCHIX,,3336,6.16,0.00,
45109,**SNK BRGR MCDO,,688,1.27,0.00,
45110,**SNK CHEESY BRGR MCDO,,3713,6.86,0.00,
45111,**SNK MCCRISPY CHIX SNDWCH,,6342,11.71,0.00,
45112,**SNK CHEESE BRGR,,14179,26.18,0.00,
45121,**PARTY BOX A,,40,0.07,60678.57,
45123,**PARTY BOX B,,11,0.02,29454.46,
45125,**PARTY BOX C,,33,0.06,48542.86,
45127,**PARTY BOX D,,26,0.05,64264.29,
45133,**SNACK BRGR MCSHARE,,7647,14.12,2063089.59,
45134,**PREMIUM BURGERS BNDL,,11915,22,4992779.98,
45340,**PBB REG MCFLOAT 16oz,BEVERAGES,18344,33.87,0.00,
45342,**PBB COKE 16oz,BEVERAGES,7642,14.11,0.00,
45344,**PBB SPRITE 16oz,BEVERAGES,2244,4.14,0.00,
45346,**PBB CZERO 16oz,BEVERAGES,2928,5.41,0.00,
45347,**PBB PINEAPPLE JUICE 16oz,BEVERAGES,3754,6.93,0.00,
45348,**PBB ORANGE JUICE 16oz,BEVERAGES,3843,7.1,0.00,
45349,**PBB ICED TEA 16oz,BEVERAGES,2521,4.66,0.00,
50412,**COFFEE SUNDAE,,9017,16.65,154166.33,
50421,**HF SUNDAE BLEND,,27,0.05,2109.82,
50422,**CRML SUNDAE BLEND,,13,0.02,868.75,
70005,**FREE DELIVERY NP6,PROMO,1,0,0.00,
70155,**STM- ADD ON HAT/TRAYMAT/BALOON/H-M TOY,,346,0.64,8973.22,
70165,**FREE H-M TOYS,,1217,2.25,0.00,
70166,**FREE H-M BOOK,,30,0.06,0.00,
80125,**GOLD-PKG 1PC CHIX W/RICE+BRGR MCDO+BTLD DRNK,,34,0.06,2977.68,
80126,**GOLD-PKG 2PC CHIX W/RICE+BTLD DRNK,,13,0.02,2147.32,
80150,**STM BF1- 2PC HOTCAKE+HASH+OJ+APPLE PIE(H-M),,22,0.04,2866.29,
80151,**STM BF2- CHZY EGGDESAL w/HAM+HASH+COFFEE+APPLE PIE,,46,0.08,6167.86,
80152,**STM BF3- SSG McMUF+HASH+COFFEE+APPLE PIE,,18,0.03,2443.75,
80153,**STM BF4- 2PC HOTCAKE+SSG+COFFEE+HASH+APPLE PIE,,69,0.13,8517.86,
80155,**STM BF6- 1PC CHX w/EGG w/RICE+HASH+COFFEE+APPLE PIE,,114,0.21,18928.57,
80160,**STM R1- McCRISPY CHIX SNDWCH+FRIES+COKE+APPLE PIE,,91,0.17,9663.39,
80161,**STM R2- McSPAG+COKE+APPLE PIE(H-M),,51,0.09,5875.00,
80162,**STM R3- CHBRGR+FRIES+COKE+APPLE PIE,,313,0.58,23708.93,
80163,**STM R4- 1PC CHX w/RICE+FRIES+COKE+APPLE PIE,,370,0.68,38718.75,
80164,**STM R5- 1PC CHX+SPAG+COKE+APPLE PIE,,367,0.68,40910.08,
80165,**STM R6- 6PC MCNUG w/RICE+COKE+APPLE PIE,,15,0.03,2531.25,
80166,**STM R7- BIGMAC+FRIES+COKE+APPLE PIE,,200,0.37,33241.07,
80167,**STM R8- QTR PNDR+FRIES+COKE+APPLE PIE,,124,0.23,19358.03,
80541,**MDS APP COUP- FREE DELIVERY,PROMO,390,0.72,0.00,
80542,**MDS APP COUP-QTR PNDR W/ CHZ MEVM@120,PROMO,117,0.22,12535.72,
86430,**FREE COKE 1.5L,,16,0.03,0.00,
99994,**CRML SUNDAE BLEND SCD/PWD,,4,0.01,31.03,
99995,**MCSPAG PLATTER  SCD/PWD,,1180,2.18,8800.00,
,Total,,3772670,,156635967.71,
